{"cameraMode":{"drawMode":0,"name":"Shaded","section":"Shading Mode"},"sceneLighting":true,"audioPlay":false,"sceneViewState":{"showFog":true,"showMaterialUpdate":false,"showSkybox":true,"showFlares":true,"showImageEffects":true,"showParticleSystems":true},"in2DMode":false,"pivot":{"x":8.100521087646485,"y":-11.88824462890625,"z":8.257678985595704},"rotation":{"x":-0.1941872090101242,"y":0.8003981709480286,"z":-0.4496133625507355,"w":-0.34569066762924197},"size":63.163448333740237,"orthographic":false}